{
    "ViewsType": [
        {
            "value": 0,
            "label": "ListBasic"
        },
        {
            "value": 1,
            "label": "ListSimple"
        },
        {
            "value": 2,
            "label": "ListEmbed"
        },
        {
            "value": 3,
            "label": "ListLeftRight"
        },
        {
            "value": 4,
            "label": "FormBasic"
        },
        {
            "value": 5,
            "label": "FormAdvance"
        },
        {
            "value": 6,
            "label": "FormSteps"
        },
        {
            "value": 7,
            "label": "FormTabs"
        }
    ],
    "RoutesType": [
        {
            "value": 0,
            "label": "Catelog"
        },
        {
            "value": 1,
            "label": "Menu"
        }
    ]
}