[
  {
    "name": "运营管理",
    "type": 0,
    "index": "002",
    "permission": null,
    "parentId": null,
    "viewId": null,
    "icon": "control",
    "isFrame": false,
    "isHide": false,
    "path": "dashboard",
    "component": "dashboard",
    "isDeleted": false,
    "deleterId": null,
    "deletionTime": null,
    "lastModificationTime": "2021-11-12T20:34:24.976",
    "lastModifierId": "39fe6e7e-5b1f-18a9-898c-9d85766851ae",
    "creationTime": "2021-08-19T16:24:50.42",
    "creatorId": "39fe65b0-0c01-627d-a560-1c89024083f3",
    "id": "39fe6fb0-217d-590f-dfe7-3bab54a35739"
  },
  {
    "name": "欢迎页",
    "type": 1,
    "index": "002.001",
    "permission": "ProductService.Products",
    "parentId": "39fe6fb0-217d-590f-dfe7-3bab54a35739",
    "viewId": null,
    "icon": "home",
    "isFrame": false,
    "isHide": false,
    "path": "welcome",
    "component": "welcome",
    "isDeleted": false,
    "deleterId": null,
    "deletionTime": null,
    "lastModificationTime": "2021-11-11T17:56:20.54",
    "lastModifierId": "39fe6e7e-5b1f-18a9-898c-9d85766851ae",
    "creationTime": "2021-09-14T17:12:09.619",
    "creatorId": "39fedbb1-d564-48b0-1ca9-1ccc2e1ece94",
    "id": "39fef5c0-cc90-22e0-f59a-ee500127be5e"
  },
  {
    "name": "产品配置",
    "type": 0,
    "index": "002.002",
    "permission": null,
    "parentId": "39fe6fb0-217d-590f-dfe7-3bab54a35739",
    "viewId": null,
    "icon": "gift",
    "isFrame": false,
    "isHide": false,
    "path": "product-config",
    "component": "configurabletable",
    "isDeleted": false,
    "deleterId": null,
    "deletionTime": null,
    "lastModificationTime": "2021-11-11T18:34:59.751",
    "lastModifierId": "39fe6e7e-5b1f-18a9-898c-9d85766851ae",
    "creationTime": "2021-09-12T08:04:57.717",
    "creatorId": "39fedbb1-d564-48b0-1ca9-1ccc2e1ece94",
    "id": "39fee97f-1aeb-ba16-d538-6b4ee7dcfd61"
  },
  {
    "name": "产品管理",
    "type": 1,
    "index": "002.002.001",
    "permission": "ProductService.Products",
    "parentId": "39fee97f-1aeb-ba16-d538-6b4ee7dcfd61",
    "viewId": "39ff090c-4aa2-5bdf-990b-20340e06d715",
    "icon": null,
    "isFrame": false,
    "isHide": false,
    "path": "products",
    "component": "configurabletable",
    "isDeleted": false,
    "deleterId": null,
    "deletionTime": null,
    "lastModificationTime": "2021-11-08T22:57:40.045",
    "lastModifierId": "39fe6e7e-5b1f-18a9-898c-9d85766851ae",
    "creationTime": "2022-07-29 15:03:12",
    "creatorId": "39fe6e7e-5b1f-18a9-898c-9d85766851ae",
    "id": "39ff376f-c691-2dc7-849a-533113badf7e"
  },
  {
    "name": "产品模板",
    "type": 1,
    "index": "002.002.002",
    "permission": "ProductService.ProductTemplates",
    "parentId": "39fee97f-1aeb-ba16-d538-6b4ee7dcfd61",
    "viewId": "39fea6d0-30aa-cfbf-76f1-01a66a4c7b74",
    "icon": null,
    "isFrame": false,
    "isHide": false,
    "path": "product-templates",
    "component": "configurabletable",
    "isDeleted": false,
    "deleterId": null,
    "deletionTime": null,
    "lastModificationTime": "2021-11-08T22:58:24.869",
    "lastModifierId": "39fe6e7e-5b1f-18a9-898c-9d85766851ae",
    "creationTime": "2021-08-30T09:20:36.035",
    "creatorId": "39fe65b0-0c01-627d-a560-1c89024083f3",
    "id": "39fea6d1-aec0-b1b4-080a-9a4472cd9499"
  },
  {
    "name": "产品类型",
    "type": 1,
    "index": "002.002.003",
    "permission": "ProductService.ProductTypes",
    "parentId": "39fee97f-1aeb-ba16-d538-6b4ee7dcfd61",
    "viewId": "39fee96d-25f9-cccf-ffca-03442aa9ef3c",
    "icon": null,
    "isFrame": false,
    "isHide": false,
    "path": "product-types",
    "component": "configurabletable",
    "isDeleted": false,
    "deleterId": null,
    "deletionTime": null,
    "lastModificationTime": "2021-11-08T22:58:58.256",
    "lastModifierId": "39fe6e7e-5b1f-18a9-898c-9d85766851ae",
    "creationTime": "2021-09-12T08:10:19.171",
    "creatorId": "39fedbb1-d564-48b0-1ca9-1ccc2e1ece94",
    "id": "39fee984-02a0-766e-33f1-3230223d41b1"
  },
  {
    "name": "产品标签",
    "type": 1,
    "index": "002.002.004",
    "permission": "ProductService.ProductTags",
    "parentId": "39fee97f-1aeb-ba16-d538-6b4ee7dcfd61",
    "viewId": "39fe6ffb-df07-4c58-6eeb-17944ac97c5e",
    "icon": null,
    "isFrame": false,
    "isHide": false,
    "path": "tags",
    "component": "configurabletable",
    "isDeleted": false,
    "deleterId": null,
    "deletionTime": null,
    "lastModificationTime": "2021-11-08T22:59:18.117",
    "lastModifierId": "39fe6e7e-5b1f-18a9-898c-9d85766851ae",
    "creationTime": "2021-08-21T11:02:22.557",
    "creatorId": "39fe65b0-0c01-627d-a560-1c89024083f3",
    "id": "39fe78d5-a05b-289c-dcd0-5e53f76453a4"
  },
  {
    "name": "保险供应商",
    "type": 1,
    "index": "002.002.005",
    "permission": "ProductService.InsuranceProviders",
    "parentId": "39fee97f-1aeb-ba16-d538-6b4ee7dcfd61",
    "viewId": "39fe6fec-a789-fbb8-3354-9a694e090712",
    "icon": null,
    "isFrame": false,
    "isHide": false,
    "path": "insuranceproviders",
    "component": "configurabletable",
    "isDeleted": false,
    "deleterId": null,
    "deletionTime": null,
    "lastModificationTime": "2021-11-08T22:26:34.387",
    "lastModifierId": "39fe6e7e-5b1f-18a9-898c-9d85766851ae",
    "creationTime": "2021-08-21T11:01:30.612",
    "creatorId": "39fe65b0-0c01-627d-a560-1c89024083f3",
    "id": "39fe78d4-d572-885c-a333-0f386543c894"
  },
  {
    "name": "营销管理",
    "type": 1,
    "index": "002.003",
    "permission": null,
    "parentId": "39fe6fb0-217d-590f-dfe7-3bab54a35739",
    "viewId": null,
    "icon": "trophy",
    "isFrame": false,
    "isHide": false,
    "path": "marketing",
    "component": "configurabletable",
    "isDeleted": false,
    "deleterId": null,
    "deletionTime": null,
    "lastModificationTime": "2021-11-11T17:57:38.929",
    "lastModifierId": "39fe6e7e-5b1f-18a9-898c-9d85766851ae",
    "creationTime": "2021-08-26T17:03:50.677",
    "creatorId": "39fe65b0-0c01-627d-a560-1c89024083f3",
    "id": "39fe93e0-5b93-f4e4-9e3a-5cc797d10445"
  },
  {
    "name": "首页轮播图",
    "type": 1,
    "index": "002.003.001",
    "permission": "MarketingService.HomepageCarousels",
    "parentId": "39fe93e0-5b93-f4e4-9e3a-5cc797d10445",
    "viewId": "39fe93e8-ee9a-1760-cf39-ad76a5f3288e",
    "icon": null,
    "isFrame": false,
    "isHide": false,
    "path": "homepagecarousel",
    "component": "configurabletable",
    "isDeleted": false,
    "deleterId": null,
    "deletionTime": null,
    "lastModificationTime": "2021-11-04T13:54:20.856",
    "lastModifierId": "39fe6e7e-5b1f-18a9-898c-9d85766851ae",
    "creationTime": "2021-08-26T17:16:07.294",
    "creatorId": "39fe65b0-0c01-627d-a560-1c89024083f3",
    "id": "39fe93eb-98fc-a83c-0601-2ed78038b859"
  },
  {
    "name": "首页公告",
    "type": 1,
    "index": "002.003.002",
    "permission": "MarketingService.HomepageNotices",
    "parentId": "39fe93e0-5b93-f4e4-9e3a-5cc797d10445",
    "viewId": "39fe84e0-0cda-6e6c-9a1b-f2afd4e01927",
    "icon": null,
    "isFrame": false,
    "isHide": false,
    "path": "homepagenotices",
    "component": "configurabletable",
    "isDeleted": false,
    "deleterId": null,
    "deletionTime": null,
    "lastModificationTime": "2021-11-04T17:35:21.516",
    "lastModifierId": "39fe6e7e-5b1f-18a9-898c-9d85766851ae",
    "creationTime": "2021-08-23T22:18:59.105",
    "creatorId": "39fe65b0-0c01-627d-a560-1c89024083f3",
    "id": "39fe858d-cc9f-e61d-f363-be56fef200fd"
  },
  {
    "name": "首页小讲堂",
    "type": 1,
    "index": "002.003.003",
    "permission": "MarketingService.HomepageArticles",
    "parentId": "39fe93e0-5b93-f4e4-9e3a-5cc797d10445",
    "viewId": "39fe9349-115d-5cfb-b6ae-99ec2afb5e4a",
    "icon": null,
    "isFrame": false,
    "isHide": false,
    "path": "homepagearticle",
    "component": "configurabletable",
    "isDeleted": false,
    "deleterId": null,
    "deletionTime": null,
    "lastModificationTime": "2021-11-04T17:47:12.847",
    "lastModifierId": "39fe6e7e-5b1f-18a9-898c-9d85766851ae",
    "creationTime": "2021-08-26T14:21:45.275",
    "creatorId": "39fe65b0-0c01-627d-a560-1c89024083f3",
    "id": "39fe934b-f5b9-2b18-2d2c-7e27793d5010"
  },
  {
    "name": "首页个险推荐",
    "type": 1,
    "index": "002.003.004",
    "permission": "MarketingService.ProductPromotions",
    "parentId": "39fe93e0-5b93-f4e4-9e3a-5cc797d10445",
    "viewId": "39febcd3-e398-425e-da4d-86ee19787e68",
    "icon": null,
    "isFrame": false,
    "isHide": false,
    "path": "product-promotion",
    "component": "configurabletable",
    "isDeleted": false,
    "deleterId": null,
    "deletionTime": null,
    "lastModificationTime": "2021-11-04T13:55:56.161",
    "lastModifierId": "39fe6e7e-5b1f-18a9-898c-9d85766851ae",
    "creationTime": "2021-09-03T15:57:15.142",
    "creatorId": "39fe65b0-0c01-627d-a560-1c89024083f3",
    "id": "39febcd6-4403-999a-87f4-2ea8edc6c489"
  },
  {
    "name": "个险标签设置",
    "type": 1,
    "index": "002.003.005",
    "permission": "MarketingService.ProductMarketingTags",
    "parentId": "39fe93e0-5b93-f4e4-9e3a-5cc797d10445",
    "viewId": "39febd7f-ad70-c221-2b49-630140081804",
    "icon": null,
    "isFrame": false,
    "isHide": false,
    "path": "product-marketing-tags",
    "component": "configurabletable",
    "isDeleted": false,
    "deleterId": null,
    "deletionTime": null,
    "lastModificationTime": "2021-11-04T13:56:25.525",
    "lastModifierId": "39fe6e7e-5b1f-18a9-898c-9d85766851ae",
    "creationTime": "2021-09-03T19:04:58.526",
    "creatorId": "39fe65b0-0c01-627d-a560-1c89024083f3",
    "id": "39febd82-219c-781b-6aa2-d1ef24ecb709"
  },
  {
    "name": "网文管理",
    "type": 1,
    "index": "002.003.006",
    "permission": "MarketingService.Articles",
    "parentId": "39fe93e0-5b93-f4e4-9e3a-5cc797d10445",
    "viewId": "39fe8555-550b-de46-84e6-5aea79ede2bc",
    "icon": null,
    "isFrame": false,
    "isHide": false,
    "path": "articles",
    "component": "configurabletable",
    "isDeleted": false,
    "deleterId": null,
    "deletionTime": null,
    "lastModificationTime": "2021-11-04T13:56:40.167",
    "lastModifierId": "39fe6e7e-5b1f-18a9-898c-9d85766851ae",
    "creationTime": "2021-08-23T22:19:47.704",
    "creatorId": "39fe65b0-0c01-627d-a560-1c89024083f3",
    "id": "39fe858e-8a76-e1ae-b123-db808ff6ac5f"
  },
  {
    "name": "企业专区管理",
    "type": 1,
    "index": "002.004",
    "permission": null,
    "parentId": "39fe6fb0-217d-590f-dfe7-3bab54a35739",
    "viewId": null,
    "icon": "cluster",
    "isFrame": false,
    "isHide": false,
    "path": "zone",
    "component": "configurabletable",
    "isDeleted": false,
    "deleterId": null,
    "deletionTime": null,
    "lastModificationTime": "2021-11-11T17:57:27.763",
    "lastModifierId": "39fe6e7e-5b1f-18a9-898c-9d85766851ae",
    "creationTime": "2021-09-01T14:35:31.245",
    "creatorId": "39fe65b0-0c01-627d-a560-1c89024083f3",
    "id": "39feb23e-b82a-aae9-b5b3-dda3e8e7cf56"
  },
  {
    "name": "企业管理",
    "type": 1,
    "index": "002.004.001",
    "permission": "OrganizationService.Organizations",
    "parentId": "39feb23e-b82a-aae9-b5b3-dda3e8e7cf56",
    "viewId": "39fe9958-aa75-45b3-baa9-9db21201ccd6",
    "icon": null,
    "isFrame": false,
    "isHide": false,
    "path": "organizations",
    "component": "configurabletable",
    "isDeleted": false,
    "deleterId": null,
    "deletionTime": null,
    "lastModificationTime": "2021-11-05T10:04:17.128",
    "lastModifierId": "39fe6e7e-5b1f-18a9-898c-9d85766851ae",
    "creationTime": "2021-08-27T18:37:41.298",
    "creatorId": "39fe65b0-0c01-627d-a560-1c89024083f3",
    "id": "39fe995c-a22a-6403-1b09-e4b4b4ed1bf9"
  },
  {
    "name": "专区设置",
    "type": 1,
    "index": "002.004.002",
    "permission": "OrganizationZoneService.OrganizationZones",
    "parentId": "39feb23e-b82a-aae9-b5b3-dda3e8e7cf56",
    "viewId": "39fe8042-ca90-69a1-e6c9-997743180463",
    "icon": null,
    "isFrame": false,
    "isHide": false,
    "path": "organizationzones",
    "component": "configurabletable",
    "isDeleted": false,
    "deleterId": null,
    "deletionTime": null,
    "lastModificationTime": "2021-11-04T14:06:23.588",
    "lastModifierId": "39fe6e7e-5b1f-18a9-898c-9d85766851ae",
    "creationTime": "2021-08-22T21:43:18.075",
    "creatorId": "39fe65b0-0c01-627d-a560-1c89024083f3",
    "id": "39fe8046-c538-af4d-0c48-e4e7427dce61"
  },
  {
    "name": "专区通告",
    "type": 1,
    "index": "002.004.003",
    "permission": "OrganizationZoneService.OrganizationZoneMessages",
    "parentId": "39feb23e-b82a-aae9-b5b3-dda3e8e7cf56",
    "viewId": "39feb819-2503-52d0-ba5d-0ed118866206",
    "icon": null,
    "isFrame": false,
    "isHide": false,
    "path": "zonemessages",
    "component": "configurabletable",
    "isDeleted": false,
    "deleterId": null,
    "deletionTime": null,
    "lastModificationTime": "2021-11-04T14:07:16.096",
    "lastModifierId": "39fe6e7e-5b1f-18a9-898c-9d85766851ae",
    "creationTime": "2021-09-02T18:01:40.582",
    "creatorId": "39fe65b0-0c01-627d-a560-1c89024083f3",
    "id": "39feb821-d1d0-35e1-2469-7c9d370e570e"
  },
  {
    "name": "促销活动管理",
    "type": 1,
    "index": "002.004.004",
    "permission": "OrganizationZoneService.OrganizationZonePromotionEvents",
    "parentId": "39feb23e-b82a-aae9-b5b3-dda3e8e7cf56",
    "viewId": "39feb235-61f3-4a64-f137-e78a0c6654e7",
    "icon": null,
    "isFrame": false,
    "isHide": false,
    "path": "promotionevents",
    "component": "configurabletable",
    "isDeleted": false,
    "deleterId": null,
    "deletionTime": null,
    "lastModificationTime": "2021-11-04T14:07:44.262",
    "lastModifierId": "39fe6e7e-5b1f-18a9-898c-9d85766851ae",
    "creationTime": "2021-09-01T14:37:28.887",
    "creatorId": "39fe65b0-0c01-627d-a560-1c89024083f3",
    "id": "39feb240-83b5-84ba-d283-44d1244b146f"
  },
  {
    "name": "促销活动分类",
    "type": 1,
    "index": "002.004.005",
    "permission": "OrganizationZoneService.OrganizationZoneCategories",
    "parentId": "39feb23e-b82a-aae9-b5b3-dda3e8e7cf56",
    "viewId": "39feb7c2-cf03-a93c-35e8-3e1b7d3b926e",
    "icon": null,
    "isFrame": false,
    "isHide": true,
    "path": "organizationzonecategories/:parentId",
    "component": "subTable",
    "isDeleted": false,
    "deleterId": null,
    "deletionTime": null,
    "lastModificationTime": "2021-11-04T14:08:14.181",
    "lastModifierId": "39fe6e7e-5b1f-18a9-898c-9d85766851ae",
    "creationTime": "2021-09-02T16:20:23.6",
    "creatorId": "39fe65b0-0c01-627d-a560-1c89024083f3",
    "id": "39feb7c5-17ad-1656-3027-0b9e9854dc02"
  },
  {
    "name": "白名单导入",
    "type": 1,
    "index": "002.004.006",
    "permission": "OrganizationService.MemberWhitelistBatches",
    "parentId": "39feb23e-b82a-aae9-b5b3-dda3e8e7cf56",
    "viewId": "39febcd6-0e44-5461-b0e3-cd6e8db5f045",
    "icon": null,
    "isFrame": false,
    "isHide": false,
    "path": "member-whitelist-batches",
    "component": "configurabletable",
    "isDeleted": false,
    "deleterId": null,
    "deletionTime": null,
    "lastModificationTime": "2021-11-05T10:06:12.009",
    "lastModifierId": "39fe6e7e-5b1f-18a9-898c-9d85766851ae",
    "creationTime": "2021-09-03T16:01:42.437",
    "creatorId": "39fe65b0-0c01-627d-a560-1c89024083f3",
    "id": "39febcda-5820-0416-bee5-88ea0612430f"
  },
  {
    "name": "白名单列表",
    "type": 1,
    "index": "002.004.007",
    "permission": "OrganizationService.MemberItems",
    "parentId": "39feb23e-b82a-aae9-b5b3-dda3e8e7cf56",
    "viewId": "39ff1fb3-728a-16be-f0fa-f7f268d7e225",
    "icon": null,
    "isFrame": false,
    "isHide": false,
    "path": "token-items",
    "component": "configurabletable",
    "isDeleted": false,
    "deleterId": null,
    "deletionTime": null,
    "lastModificationTime": "2021-11-12T11:28:04.647",
    "lastModifierId": "39fe6e7e-5b1f-18a9-898c-9d85766851ae",
    "creationTime": "2021-10-18T14:23:29.769",
    "creatorId": "39fe6e7e-5b1f-18a9-898c-9d85766851ae",
    "id": "39ffa43e-99e3-5210-2cb2-e67e739eecf3"
  },
  {
    "name": "知识文库",
    "type": 1,
    "index": "002.004.008",
    "permission": null,
    "parentId": "39feb23e-b82a-aae9-b5b3-dda3e8e7cf56",
    "viewId": "3a041d27-de3f-f54c-ff2a-576423a172a7",
    "icon": null,
    "isFrame": false,
    "isHide": false,
    "path": "knowledge-lecture",
    "component": "configurabletable",
    "isDeleted": false,
    "deleterId": null,
    "deletionTime": null,
    "lastModificationTime": null,
    "lastModifierId": null,
    "creationTime": "2022-05-28T22:15:44.492392",
    "creatorId": "3a00e8f0-f7b0-ef5a-7803-49db8a1ab538",
    "id": "3a041d32-bc3b-d72f-4cd3-5e5ed481656c"
  },
  {
    "name": "促销活动专区文档",
    "type": 1,
    "index": "002.004.009",
    "permission": "OrganizationZoneService.OrganizationZoneCategories",
    "parentId": "39feb23e-b82a-aae9-b5b3-dda3e8e7cf56",
    "viewId": "3a05452e-7d76-ba5e-b24b-90b1d6e9d1e5",
    "icon": null,
    "isFrame": false,
    "isHide": true,
    "path": "organizationzonecategoriesfile/:parentId",
    "component": "subTable",
    "isDeleted": false,
    "deleterId": null,
    "deletionTime": null,
    "lastModificationTime": "2022-07-25T09:42:02.974487",
    "lastModifierId": "3a00e8f0-f7b0-ef5a-7803-49db8a1ab538",
    "creationTime": "2022-07-25T09:41:20.33407",
    "creatorId": "3a00e8f0-f7b0-ef5a-7803-49db8a1ab538",
    "id": "3a054530-e749-ece1-b714-c2dbc79db9ce"
  },
  {
    "name": "会员管理",
    "type": 0,
    "index": "002.005",
    "permission": null,
    "parentId": "39fe6fb0-217d-590f-dfe7-3bab54a35739",
    "viewId": null,
    "icon": "user",
    "isFrame": false,
    "isHide": false,
    "path": "membership-config",
    "component": "configurabletable",
    "isDeleted": false,
    "deleterId": null,
    "deletionTime": null,
    "lastModificationTime": "2021-11-12T11:28:27.727",
    "lastModifierId": "39fe6e7e-5b1f-18a9-898c-9d85766851ae",
    "creationTime": "2021-09-03T13:20:56.948",
    "creatorId": "39fe65b0-0c01-627d-a560-1c89024083f3",
    "id": "39febc47-2a65-1dbf-fc2c-6579f087e75b"
  },
  {
    "name": "会员列表",
    "type": 1,
    "index": "002.005.001",
    "permission": "MemberService.Members",
    "parentId": "39febc47-2a65-1dbf-fc2c-6579f087e75b",
    "viewId": "39ff378e-fbb1-fac6-a4ec-76d4d19f5c34",
    "icon": null,
    "isFrame": false,
    "isHide": false,
    "path": "members",
    "component": "configurabletable",
    "isDeleted": false,
    "deleterId": null,
    "deletionTime": null,
    "lastModificationTime": "2021-11-05T10:01:07.352",
    "lastModifierId": "39fe6e7e-5b1f-18a9-898c-9d85766851ae",
    "creationTime": "2021-10-22T14:59:21.368",
    "creatorId": "39fe6e7e-5b1f-18a9-898c-9d85766851ae",
    "id": "39ffb8f8-de96-5b08-31d5-40ef880ddda0"
  },
  {
    "name": "系统管理",
    "type": 1,
    "index": "002.006",
    "permission": "CaxRouteMenuService.CaxRoutes",
    "parentId": "39fe6fb0-217d-590f-dfe7-3bab54a35739",
    "viewId": null,
    "icon": "setting",
    "isFrame": false,
    "isHide": false,
    "path": "system-config",
    "component": "configurabletable",
    "isDeleted": false,
    "deleterId": null,
    "deletionTime": null,
    "lastModificationTime": null,
    "lastModifierId": null,
    "creationTime": "2021-10-22T13:40:26.482",
    "creatorId": "39fe6e7e-5b1f-18a9-898c-9d85766851ae",
    "id": "39ffb8b0-9eec-9cca-37e6-9d20fedf5870"
  },
  {
    "name": "数据字典",
    "type": 1,
    "index": "002.006.001",
    "permission": "CaxRouteMenuService.CaxRoutes",
    "parentId": "39ffb8b0-9eec-9cca-37e6-9d20fedf5870",
    "viewId": "39fe6fc1-30af-9e30-7c8d-c288bcf17b39",
    "icon": null,
    "isFrame": false,
    "isHide": false,
    "path": "reference",
    "component": "configurabletable",
    "isDeleted": false,
    "deleterId": null,
    "deletionTime": null,
    "lastModificationTime": "2021-10-22T13:41:14.503",
    "lastModifierId": "39fe6e7e-5b1f-18a9-898c-9d85766851ae",
    "creationTime": "2021-08-19T16:44:41.357",
    "creatorId": "39fe65b0-0c01-627d-a560-1c89024083f3",
    "id": "39fe6fc2-4e0b-0f49-766c-01ac1773a146"
  },
  {
    "name": "通知列表",
    "type": 1,
    "index": "002.098",
    "permission": "CaxRouteMenuService.CaxViews",
    "parentId": "39fe6fb0-217d-590f-dfe7-3bab54a35739",
    "viewId": "39fe6fb3-c0a5-cdd9-1bc5-4f04e2f36850",
    "icon": "Notification",
    "isFrame": false,
    "isHide": true,
    "path": "notifications",
    "component": "configurabletable",
    "isDeleted": false,
    "deleterId": null,
    "deletionTime": null,
    "lastModificationTime": "2021-10-22T13:10:27.181",
    "lastModifierId": "39fe6e7e-5b1f-18a9-898c-9d85766851ae",
    "creationTime": "2021-08-19T16:30:18.674",
    "creatorId": "39fe65b0-0c01-627d-a560-1c89024083f3",
    "id": "39fe6fb5-2430-9e3d-aa27-c45582d35644"
  },
  {
    "name": "后台配置",
    "type": 1,
    "index": "003",
    "permission": "CaxRouteMenuService.CaxRoutes",
    "parentId": null,
    "viewId": null,
    "icon": "product",
    "isFrame": false,
    "isHide": true,
    "path": "config",
    "component": "config",
    "isDeleted": false,
    "deleterId": null,
    "deletionTime": null,
    "lastModificationTime": "2021-10-22T13:41:29.119",
    "lastModifierId": "39fe6e7e-5b1f-18a9-898c-9d85766851ae",
    "creationTime": "2021-08-21T11:00:03.61",
    "creatorId": "39fe65b0-0c01-627d-a560-1c89024083f3",
    "id": "39fe78d3-8196-f864-7dff-8f15927f1a9a"
  },
  {
    "name": "测试动态表单",
    "type": 1,
    "index": "900.000",
    "permission": "CaxRouteMenuService.CaxRoutes",
    "parentId": "39fe78d3-8196-f864-7dff-8f15927f1a9a",
    "viewId": null,
    "icon": null,
    "isFrame": false,
    "isHide": true,
    "path": "testDynamicForm",
    "component": "testDynamicForm",
    "isDeleted": false,
    "deleterId": null,
    "deletionTime": null,
    "lastModificationTime": "2021-10-22T13:41:37.114",
    "lastModifierId": "39fe6e7e-5b1f-18a9-898c-9d85766851ae",
    "creationTime": "2021-08-26T16:17:27.754",
    "creatorId": "39fe65b0-0c01-627d-a560-1c89024083f3",
    "id": "39fe93b5-e4c8-90f7-2483-edfac8f07642"
  },
  {
    "id": "d73f4912-271b-48b5-b1db-d05f978e85a6",
    "type": 1,
    "icon": "111",
    "isFrame": true,
    "isHide": true,
    "name": "1111",
    "permission": "222",
    "parentId": "39fe6fb0-217d-590f-dfe7-3bab54a35739",
    "index": "111",
    "path": "11",
    "component": "11",
    "viewId": "39fe6fc1-30af-9e30-7c8d-c288bcf17b39",
    "creationTime": "2022-08-01 16:13:53"
  }
]